"contrast_description","tf_mse","thresh_mse","mse_value","thresh_vertical","vertical_window_len","delta"
"CD4T:Control-DKD",0.05,33.5273438648192,1.46321431774014e-05,28.4199669165524,3.419465040011e-05,5.1073769482668
"CD4T:Control-HKD",0.025,126.341149848886,8.28810027341134e-06,21.0778973217118,2.12752057002774e-05,105.263252527174
"CD4T:DKD-HKD",0.025,74.6940104908941,2.58684408619216e-05,13.8429439667532,6.12458532991411e-05,60.8510665241408
"CNT:Control-DKD",0.5,11.9410904487808,1.45576981411342e-05,11.8911028453612,9.69985597016887e-05,0.04998760341965
"CNT:Control-HKD",0.1,29.922130564257,4.61788310259254e-05,14.613590333088,6.14963411003089e-05,15.308540231169
"CNT:DKD-HKD",0.575,5.00132262688383,2.85025382173063e-05,17.545562638503,1.75405997993039e-05,12.5442400116192
"C_TAL:Control-DKD",0.1,132.302264895771,4.42499406943419e-05,132.016042636339,3.58398609989763e-05,0.286222259432492
"C_TAL:Control-HKD",0.175,83.7696011795439,1.7258124393005e-05,83.7696542682611,0.000106177434403776,5.30887171947825e-05
"C_TAL:DKD-HKD",0.65,6.62437141492659,3.18050032073012e-05,28.5093856422876,4.55772701002388e-05,21.885014227361
"DCT:Control-DKD",0.2,38.6639654333408,1.58390720328329e-05,20.5154405282054,3.14193342987323e-05,18.1485249051353
"DCT:Control-HKD",0.425,11.6010421798985,3.78470029500476e-05,40.8656806452983,0.000906188358797522,29.2646384653998
"DCT:DKD-HKD",0.225,32.2122198819218,1.36683779708794e-05,23.20909882954,3.11277918001451e-05,9.0031210523818
"Dedifferentiated_Tubule:Control-DKD",0.225,32.3529177214443,8.61479426052982e-06,25.3347825065621,5.32763205001174e-05,7.01813521488215
"Dedifferentiated_Tubule:Control-HKD",0.025,52.2437348447656,1.92839159267216e-05,10.8567684930471,0,41.3869663517185
"Dedifferentiated_Tubule:DKD-HKD",0.175,23.914606591629,1.21408225584906e-05,23.914667914159,0.0001226450601024,6.13225300511999e-05
"Endo_G:Control-DKD",0.175,35.6348119030467,1.12958762922551e-05,30.1849166199542,4.58970071015585e-05,5.44989528309255
"Endo_G:Control-HKD",0.175,15.0821777938253,1.69321386205352e-05,15.0821468539451,6.18797604001742e-05,3.09398801991989e-05
"Endo_G:DKD-HKD",0.25,11.3799363154579,1.1110480478039e-05,48.9812418748624,3.00875506979992e-05,37.6013055594046
"Endo_Lym:Control-DKD",0.225,7.60130528689965,1.93687403883505e-05,19.9531182357692,0,12.3518129488696
"Endo_Peritubular:Control-DKD",0.375,17.1607387273918,1.29978486778987e-05,17.1208083115002,3.06502526008501e-05,0.0399304158916003
"Endo_Peritubular:Control-HKD",0.2,5.37483333736676,1.18632945381762e-05,25.7359019910792,1.93731569986255e-05,20.3610686537124
"Endo_Peritubular:DKD-HKD",0.2,22.0948098176139,2.80719058523435e-05,22.0948040428066,1.15496147010674e-05,5.77480734875735e-06
"Fib:Control-DKD",0.075,52.4248944419334,1.48517108805261e-05,52.3196060826224,0.00022873174640381,0.105288359310997
"Fib:Control-HKD",0.3,12.8234663774452,3.69181033543615e-05,22.4168115381106,3.99132824000503e-05,9.5933451606654
"Fib:DKD-HKD",0.1,162.253652562589,1.39444711016634e-05,225.944923808509,5.30097350122105e-05,63.6912712459195
"GS_Stromal:Control-DKD",0.15,119.870762301871,1.84613288090877e-05,109.30595224806,1.89046849925489e-05,10.5648100538115
"GS_Stromal:Control-HKD",0.6,4.80315312749663,1.56779295376838e-05,21.9901229645204,2.23802447010257e-05,17.1869698370238
"GS_Stromal:DKD-HKD",0.05,105.423931409548,3.95850723417364e-05,105.424359329071,0.000855839045996731,0.00042791952299126
"IC:Control-DKD",0.075,39.6039165795862,1.88278069538815e-05,15.5622774265098,0.000344812763600544,24.0416391530764
"IC:Control-HKD",0.225,27.5095274737887,2.10317919627614e-05,23.9409799588778,1.72079077991327e-05,3.5685475149109
"IC:DKD-HKD",0.225,24.4391175959148,2.54612723908792e-05,21.6825430450214,0.000125385404199818,2.7565745508934
"M_TAL:Control-DKD",0.1,15.5322643971829,1.0766215590203e-05,14.1260194136925,2.92208050005627e-05,1.4062449834904
"M_TAL:Control-HKD",0.5,1.70042015468867,3.57770372925851e-05,22.425988837972,0.000314659497497871,20.7255686832834
"M_TAL:DKD-HKD",0.1,13.70728672526,1.91583667900287e-05,13.7072761379812,2.11745574993927e-05,1.05872787496963e-05
"Mac:Control-DKD",0.125,16.9557440265706,8.1812409210157e-06,14.3932805742292,8.21831173993814e-05,2.5624634523414
"Mac:Control-HKD",0.025,55.018228533218,1.08682101639798e-05,50.9789545394864,1.65374601976964e-05,4.0392739937316
"Mac:DKD-HKD",0.3,45.4728185068073,2.72860317182936e-05,45.311248724543,3.84627013971794e-05,0.161569782264301
"Mes:Control-DKD",0.325,19.3269992167053,1.38617863029359e-05,18.7244565053341,5.98317353990296e-05,0.6025427113712
"Mes:Control-HKD",0.175,29.3296659708231,7.21231715710572e-06,22.220229945244,0.00027227087770143,7.10943602557905
"Mes:DKD-HKD",0.15,38.4904961671218,1.03586363175448e-05,24.2346563008339,3.44437171015954e-05,14.2558398662879
"Mono:Control-DKD",0.25,25.0462490750835,3.8284365591984e-05,122.276280833757,0.000560220457998639,97.2300317586735
"Mono:Control-HKD",0.025,19.653542590994,1.3533208564508e-05,19.6535302613338,2.46593203989676e-05,1.23296602012601e-05
"Mono:DKD-HKD",0.075,47.358735645296,2.46335363902443e-05,27.8078273197132,0.000118403874299844,19.5509083255828
"MyoFib:Control-DKD",0.05,60.4242715702201,1.12281615766018e-05,47.9675114596613,2.479783960041e-05,12.4567601105588
"MyoFib:Control-HKD",0.075,38.5911218223456,5.65777933927242e-06,38.5912014669222,0.000159289153103259,7.96445765516296e-05
"MyoFib:DKD-HKD",0.375,21.3036756812385,1.57400112333738e-05,19.8482425429114,4.71327939024491e-05,1.45543313832705
"PC:Control-DKD",0.15,97.6510733599368,9.84946441949786e-06,40.2567138517367,9.22542852990205e-05,57.3943595082
"PC:Control-HKD",0.05,41.4298531870653,1.0866540343379e-05,11.2025335074948,0,30.2273196795705
"PC:DKD-HKD",0.075,60.8539742335585,1.65757749722048e-05,50.1998030603723,4.58602970994093e-05,10.6541711731862
"PEC:Control-DKD",0.2,40.2847702602711,2.7583479138149e-05,29.3413801834239,3.38080576014477e-05,10.9433900768472
"PEC:Control-HKD",0.325,8.20978137257312,2.53740938174688e-05,51.9272787335481,1.54037832942322e-05,43.717497360975
"PEC:DKD-HKD",0.65,4.73384005152367,7.11539742272255e-05,34.3159521662995,3.65362104943756e-05,29.5821121147758
"PT_S1:Control-DKD",0.2,42.9946643570754,2.54531786843248e-05,105.820013958025,0.000674379095002564,62.8253496009501
"PT_S1:Control-HKD",0.4,19.7212370763092,1.36522181175257e-05,15.3561708670529,5.40909571995485e-05,4.3650662092563
"PT_S1:DKD-HKD",0.15,39.3572263149359,1.30663439946539e-05,39.1117496955038,1.17773342012129e-05,0.245476619432097
"PT_S2:Control-DKD",0.125,86.7326724671989,1.71129308458102e-05,18.5058052512532,7.3557805002622e-06,68.2268672159456
"PT_S2:Control-HKD",0.225,10.0973281239229,1.07556333940833e-05,10.0973478607636,3.94736815003682e-05,1.97368407501841e-05
"PT_S2:DKD-HKD",0.275,8.83910628372051,1.38188507743018e-05,22.5815460986164,0,13.7424398148959
"PT_S3:Control-DKD",0.35,38.1557636976858,1.07157037676484e-05,38.1557792591143,3.11228570026856e-05,1.55614284977901e-05
"PT_S3:Control-HKD",0.125,52.0167460826922,9.63504036237088e-06,49.6909239714231,2.19307477991038e-05,2.3258221112691
"PT_S3:DKD-HKD",0.475,17.9921298510999,3.33488766323588e-05,94.5421984740528,0.0004157717397959,76.5500686229529
"Plasma_Cells:Control-DKD",0.2,23.0553063848777,2.19507409179681e-05,22.09274006499,0.00030443252860124,0.962566319887699
"Plasma_Cells:Control-HKD",0.3,3.30647825226516,2.50832090818751e-05,38.9080939037736,4.15126861028625e-05,35.6016156515085
"Plasma_Cells:DKD-HKD",0.075,39.0122722391147,1.41444835634485e-05,38.750615639731,0.000706316957298725,0.261656599383748
"Podo:Control-DKD",0.625,3.4936065237712,1.6180351293623e-05,12.4457952208485,6.39652849976358e-06,8.95218869707735
"Podo:Control-HKD",0.1,24.5559025302398,2.07903215368158e-05,65.5305478568023,4.76598601011347e-05,40.9746453265625
"Podo:DKD-HKD",0.325,13.84944881561,3.20803392215308e-05,13.8494156807108,6.62697983990768e-05,3.31348991995384e-05
"RBC:Control-DKD",0.05,13.3811371525225,9.77776672178443e-06,13.3811580515405,4.1798035999463e-05,2.08990179988433e-05
"RBC:Control-HKD",0.3,1.44867473380247,1.92600514529412e-05,10.3046325522047,0,8.85595781840223
"RBC:DKD-HKD",0.075,16.3288025873892,8.7739222843597e-06,16.328790392296,2.43901865033536e-05,1.21950932516768e-05
"VSMC/Pericyte:Control-DKD",0.1,34.950339521097,1.17289826040766e-05,34.075295299493,0.000136759831200095,0.875044221603993
"VSMC/Pericyte:Control-HKD",0.125,45.3943884797091,1.76934549202292e-05,13.8957854745046,0,31.4986030052045
"VSMC/Pericyte:DKD-HKD",0.025,60.9797821520609,2.30138239110726e-05,60.2765614981497,3.40503246931689e-05,0.703220653911153
"iPT:Control-DKD",0.425,21.4291457279612,2.21361494527454e-05,20.3848801716854,4.63021764005589e-05,1.0442655562758
"iPT:Control-HKD",0.175,58.9767950577048,8.49630496185716e-06,34.1708352075837,6.1348872804956e-05,24.8059598501211
"iPT:DKD-HKD",0.15,66.8012845354743,1.23707302274858e-05,66.8012546387612,5.97934262884792e-05,2.98967131442396e-05
